{
	"credit": "Made with Blockbench",
	"texture_size": [32, 32],
	"textures": {
		"3": "block/club",
		"particle": "block/oak_log"
	},
	"elements": [
		{
			"name": "handle",
			"from": [7, 0, 7],
			"to": [9, 3, 9],
			"faces": {
				"north": {"uv": [9, 7, 10, 8.5], "texture": "#3"},
				"east": {"uv": [9, 8.5, 10, 10], "texture": "#3"},
				"south": {"uv": [0, 10, 1, 11.5], "texture": "#3"},
				"west": {"uv": [1, 10, 2, 11.5], "texture": "#3"},
				"up": {"uv": [11, 7, 10, 6], "texture": "#3"},
				"down": {"uv": [11, 7, 10, 8], "texture": "#3"}
			}
		},
		{
			"name": "body",
			"from": [6, 3, 6],
			"to": [10, 17, 10],
			"faces": {
				"north": {"uv": [0, 0, 2, 7], "texture": "#3"},
				"east": {"uv": [2, 0, 4, 7], "texture": "#3"},
				"south": {"uv": [4, 0, 6, 7], "texture": "#3"},
				"west": {"uv": [6, 0, 8, 7], "texture": "#3"},
				"up": {"uv": [10, 5, 8, 3], "texture": "#3"},
				"down": {"uv": [10, 5, 8, 7], "texture": "#3"}
			}
		},
		{
			"name": "ring1",
			"from": [5, 5, 5],
			"to": [11, 6, 11],
			"faces": {
				"north": {"uv": [2, 10, 5, 10.5], "texture": "#3"},
				"east": {"uv": [10, 3, 13, 3.5], "texture": "#3"},
				"south": {"uv": [10, 3.5, 13, 4], "texture": "#3"},
				"west": {"uv": [10, 4, 13, 4.5], "texture": "#3"},
				"up": {"uv": [3, 10, 0, 7], "texture": "#3"},
				"down": {"uv": [6, 7, 3, 10], "texture": "#3"}
			}
		},
		{
			"name": "ring2",
			"from": [5, 14, 5],
			"to": [11, 15, 11],
			"faces": {
				"north": {"uv": [10, 4.5, 13, 5], "texture": "#3"},
				"east": {"uv": [5, 10, 8, 10.5], "texture": "#3"},
				"south": {"uv": [10, 5, 13, 5.5], "texture": "#3"},
				"west": {"uv": [10, 5.5, 13, 6], "texture": "#3"},
				"up": {"uv": [9, 10, 6, 7], "texture": "#3"},
				"down": {"uv": [11, 0, 8, 3], "texture": "#3"}
			}
		}
	],
	"display": {
		"thirdperson_righthand": {
			"translation": [0, 6, 1.75]
		},
		"thirdperson_lefthand": {
			"translation": [0, 6, 1.75]
		},
		"firstperson_righthand": {
			"rotation": [-3, 0, 0],
			"translation": [15.25, 4, 0],
			"scale": [1.29, 1.37, 1]
		},
		"firstperson_lefthand": {
			"rotation": [-3, 0, 0],
			"translation": [-2.25, 4, 0],
			"scale": [1.29, 1.37, 1]
		},
		"ground": {
			"rotation": [46, 0, 0],
			"translation": [-0.75, 0, 0]
		},
		"gui": {
			"rotation": [27, 179, 42]
		},
		"head": {
			"rotation": [-88.13, -3.31, -53.14],
			"translation": [-1, 8.25, 0]
		},
		"fixed": {
			"rotation": [0, 0, 36]
		}
	},
	"groups": [
		{
			"name": "club",
			"origin": [8, 8, 8],
			"color": 0,
			"children": [0, 1, 2, 3]
		}
	]
}